,watch_name,Price,discount
0,u,nan,<span>90% off</span>
1,VPrime Edge To Edge Screen Guard for MX,nan,<span>91% off</span>
2,VPrime Edge To Edge Screen Guard for LX-BETAMAX,nan,<span>91% off</span>
3,uard for V,nan,<span>90% off</span>
4,u,nan,<span>90% off</span>
5,VPrime Screen Guard for JGJ:,nan,<span>90% off</span>
6,VPrime Screen Guard for GTX,nan,<span>92% off</span>
7,uard for [Transparent] CYX,nan,<span>92% off</span>
8,u,nan,<span>92% off</span>
9,VPrime Edge To Edge Screen Gu,nan,<span>90% off</span>
10,VPrime Edge To Edge Screen Gu,nan,<span>92% off</span>
11,VPrime Edge To Edge Screen Guard for LX,nan,<span>91% off</span>
12,VPrime Screen Guard for CROX Amaz,nan,<span>92% off</span>
13,VPrime Edge To Edge Screen Guard for Dx-V,nan,<span>91% off</span>
14,u,nan,<span>88% off</span>
15,VPrime Screen Guard for JRSM:,nan,<span>90% off</span>
16,u,nan,<span>92% off</span>
17,VPrime Screen Guard for GBM:,nan,<span>90% off</span>
18,VPrime Screen Guard for GBM:-V,nan,<span>90% off</span>
19,u,nan,<span>92% off</span>
20,VPrime Screen Guard for GBM:,nan,<span>90% off</span>
21,VPrime Screen Guard for GTX,nan,<span>92% off</span>
22,VPrime Screen Guard for GBM:,nan,<span>90% off</span>
23,VPrime Edge To Edge Screen Guard for RUD@,nan,<span>91% off</span>
24,VPrime Edge To Edge Screen Gu,nan,<span>92% off</span>
25,VPrime Screen Guard for JGJ:-iSmart Dz,nan,<span>90% off</span>
26,VPrime Screen Guard for CROX,nan,<span>92% off</span>
27,u,nan,<span>92% off</span>
28,VPrime Screen Guard for GTX,nan,<span>92% off</span>
29,VPrime Screen Guard for RRR:,nan,<span>90% off</span>
30,VPrime Screen Guard for CROX,nan,<span>92% off</span>
31,u,nan,<span>88% off</span>
32,VPrime Edge To Edge Screen Gu,nan,<span>92% off</span>
33,VPrime Screen Guard for JRSM:-Honor Watch Magic 2(46MM),nan,<span>90% off</span>
34,u,nan,<span>92% off</span>
35,VPrime Edge To Edge Screen Guard for SD RJ MARLINS Dz,nan,<span>92% off</span>
36,u,nan,<span>92% off</span>
37,VPrime Edge To Edge Screen Guard for DM:,nan,<span>92% off</span>
38,u,nan,<span>92% off</span>
39,u,nan,<span>92% off</span>
